web_name,team_code,first_name,second_name,squad_number,now_cost,dreamteam_count,selected_by_percent,total_points,points_per_game,minutes,goals_scored,assists,clean_sheets,goals_conceded,own_goals,penalties_saved,penalties_missed,yellow_cards,red_cards,saves,bonus,bps,ict_index,element_type,team
Ospina,3,David,Ospina,13,48,0,0.2,0,0.0,0,0,0,0,0,0,0,0,0,0,0,0,0,0.0,1,1
Cech,3,Petr,Cech,33,54,0,4.9,84,3.7,2070,0,0,9,30,0,0,0,1,0,53,4,419,42.7,1,1
Martinez,3,Damian Emiliano,Martinez,26,40,0,0.6,0,0.0,0,0,0,0,0,0,0,0,0,0,0,0,0,0.0,1,1
Koscielny,3,Laurent,Koscielny,6,60,2,1.6,76,4.2,1595,0,0,9,20,0,0,0,3,0,0,14,421,62.5,2,1
Mertesacker,3,Per,Mertesacker,4,48,1,0.5,15,3.0,351,1,0,0,7,0,0,0,0,0,0,2,77,15.7,2,1
Gabriel,3,Gabriel Armando,de Abreu,5,50,0,0.0,0,0.0,0,0,0,0,0,0,0,0,0,0,0,0,0,0.0,2,1
Bellerín,3,Héctor,Bellerín,24,61,1,12.9,93,4.0,2070,2,2,9,30,0,0,0,3,0,0,7,442,116.5,2,1
Gibbs,35,Kieran,Gibbs,3,50,0,0.5,57,2.9,1716,0,2,5,25,0,0,0,1,0,0,1,307,66.7,2,19
Jenkinson,3,Carl,Jenkinson,25,45,0,0.1,0,0.0,0,0,0,0,0,0,0,0,0,0,0,0,0,0.0,2,1
Monreal,3,Nacho,Monreal,18,56,1,4.7,85,4.5,1665,2,0,9,21,0,0,0,3,0,0,10,449,73.4,2,1
Holding,3,Rob,Holding,16,45,0,0.6,12,1.7,443,0,1,1,12,0,0,0,2,0,0,0,101,15.4,2,1
Mustafi,3,Shkodran,Mustafi,20,55,1,3.4,65,4.6,1139,2,0,7,12,0,0,0,2,0,0,6,335,63.5,2,1
Kolasinac,3,Sead,Kolasinac,31,59,1,7.3,78,4.6,1423,1,4,7,18,0,0,0,1,0,0,6,344,85.8,2,1
Sánchez,3,Alexis,Sánchez,7,118,2,2.8,97,5.1,1501,7,5,7,21,0,0,0,4,0,0,8,303,217.4,3,1
Walcott,3,Theo,Walcott,14,71,0,0.6,6,1.0,63,0,0,0,0,0,0,0,0,0,0,0,12,1.0,3,1
Özil,3,Mesut,Özil,11,93,2,2.1,81,4.5,1460,4,5,5,26,0,0,0,3,0,0,10,358,180.2,3,1
Cazorla,3,Santiago,Cazorla,19,69,0,0.0,0,0.0,0,0,0,0,0,0,0,0,0,0,0,0,0,0.0,3,1
Ramsey,3,Aaron,Ramsey,8,69,1,2.6,82,5.1,1212,3,8,7,14,0,0,0,0,0,0,7,312,123.3,3,1
Chamberlain,14,Alex,Oxlade-Chamberlain,21,56,0,2.4,64,2.8,1150,3,3,3,20,0,0,0,1,0,0,4,297,118.2,3,10
Coquelin,3,Francis,Coquelin,34,43,0,0.6,7,1.0,164,0,0,0,6,0,0,0,0,0,0,0,35,4.8,3,1
Iwobi,3,Alex,Iwobi,17,51,0,0.5,41,3.2,839,1,2,6,11,0,0,0,1,0,0,1,203,85.8,3,1
Elneny,3,Mohamed,Elneny,35,42,0,2.6,11,2.2,263,0,1,1,5,0,0,0,1,0,0,0,54,14.8,3,1
Xhaka,3,Granit,Xhaka,29,52,1,7.1,69,3.0,1990,1,4,9,29,0,0,0,5,0,0,2,349,117.2,3,1
Wilshere,3,Jack,Wilshere,10,54,0,0.9,30,2.5,716,1,2,2,11,0,0,0,4,0,0,2,149,45.5,3,1
Giroud,3,Olivier,Giroud,12,82,1,1.0,36,2.4,360,4,0,1,3,0,0,0,0,0,0,4,139,52.9,4,1
Welbeck,3,Danny,Welbeck,23,73,1,0.8,40,2.5,700,3,1,3,12,0,0,0,1,0,0,3,145,57.8,4,1
Pérez,3,Lucas,Pérez,28,74,0,0.1,0,0.0,0,0,0,0,0,0,0,0,0,0,0,0,0,0.0,4,1
Lacazette,3,Alexandre,Lacazette,9,103,1,8.6,88,3.8,1603,8,4,8,20,0,0,0,1,0,0,3,336,173.0,4,1
Begovic,91,Asmir,Begovic,27,45,3,4.1,71,3.1,2070,0,0,4,35,0,1,0,2,0,65,4,378,47.0,1,2
Boruc,91,Artur,Boruc,1,42,0,1.3,0,0.0,0,0,0,0,0,0,0,0,0,0,0,0,0,0.0,1,2
Federici,91,Adam,Federici,32,40,0,2.3,0,0.0,0,0,0,0,0,0,0,0,0,0,0,0,0,0.0,1,2
Francis,91,Simon,Francis,2,43,0,0.9,29,1.5,1612,0,0,2,25,0,0,0,6,1,0,1,267,78.6,2,2
Steve Cook,91,Steve,Cook,3,47,2,1.3,52,2.7,1513,2,0,3,28,0,0,0,4,0,0,6,263,65.1,2,2
Daniels,91,Charlie,Daniels,11,47,0,6.2,60,3.0,1737,1,1,4,26,0,0,0,0,0,0,4,344,78.7,2,2
Adam Smith,91,Adam,Smith,15,48,0,0.4,41,2.0,1676,0,2,2,30,0,0,0,5,0,0,3,308,73.1,2,2
Mings,91,Tyrone,Mings,26,43,0,0.2,0,0.0,135,0,0,0,4,0,0,0,1,0,0,0,17,2.5,2,2
Brad Smith,91,Bradley,Smith,14,39,0,2.6,0,0.0,0,0,0,0,0,0,0,0,0,0,0,0,0,0.0,2,2
Aké,91,Nathan,Aké,5,49,0,4.0,61,2.7,2002,1,1,4,33,0,0,0,3,0,0,5,379,71.9,2,2
Arter,91,Harry,Arter,8,47,0,0.4,27,2.1,959,1,0,3,13,0,0,0,4,0,0,0,156,29.2,3,2
Pugh,91,Marc,Pugh,7,47,0,0.1,24,1.6,786,0,0,4,15,0,0,0,2,0,0,0,73,43.7,3,2
Surman,91,Andrew,Surman,6,47,1,5.2,66,3.9,1530,2,4,4,24,0,0,0,1,0,0,7,295,66.8,3,2
Stanislas,91,Junior,Stanislas,19,59,1,0.1,29,2.9,675,1,1,1,11,0,0,0,1,0,0,3,110,49.7,3,2
Gosling,91,Dan,Gosling,4,48,0,0.1,30,2.3,822,1,1,0,18,0,0,0,2,0,0,2,126,45.5,3,2
Gradel,91,Max,Gradel,10,50,0,0.0,0,0.0,0,0,0,0,0,0,0,0,0,0,0,0,0,0.0,3,2
Ibe,91,Jordon,Ibe,33,48,0,0.5,52,2.5,1291,1,4,2,22,0,0,0,1,0,0,2,202,112.5,3,2
Lewis Cook,91,Lewis,Cook,16,43,0,0.9,27,1.8,1003,0,1,1,18,0,0,0,3,0,0,0,174,42.5,3,2
Fraser,91,Ryan,Fraser,24,51,2,0.6,48,3.4,957,3,1,0,18,0,0,0,0,0,0,6,178,71.9,3,2
Wilson,91,Callum,Wilson,13,57,2,3.2,57,4.4,876,6,1,3,12,0,0,0,0,0,0,7,190,82.9,4,2
Afobe,91,Benik,Afobe,9,57,0,0.2,24,1.4,534,0,1,0,12,0,0,0,0,0,0,0,73,31.3,4,2
Mousset,91,Lys,Mousset,31,49,0,0.1,11,1.1,181,0,0,1,4,0,0,0,0,0,0,0,23,8.5,4,2
King,91,Joshua,King,17,70,0,1.1,52,2.9,1465,2,3,4,20,0,0,0,1,0,0,2,177,110.9,4,2
Defoe,91,Jermain,Defoe,18,76,1,1.3,41,2.7,787,3,1,2,15,0,0,0,1,0,0,4,129,60.1,4,2
Mäenpää,36,Niki,Mäenpää,12,40,0,1.0,0,0.0,0,0,0,0,0,0,0,0,0,0,0,0,0,0.0,1,3
Ryan,36,Mathew,Ryan,1,45,2,2.4,88,3.8,2070,0,0,8,29,0,0,0,0,0,73,7,438,51.2,1,3
Dunk,36,Lewis,Dunk,5,45,0,3.9,60,2.6,2070,0,0,8,29,3,0,0,5,0,0,5,403,100.5,2,3
Duffy,36,Shane,Duffy,22,46,1,4.1,68,3.1,1962,0,1,8,28,0,0,0,5,0,0,6,396,93.9,2,3
Hünemeier,36,Uwe,Hünemeier,4,39,0,6.1,1,1.0,17,0,0,0,1,0,0,0,0,0,0,0,5,0.9,2,3
Bruno,36,Bruno,Saltor Grau,2,45,0,1.5,65,3.3,1635,0,0,8,19,0,0,0,3,0,0,5,336,44.7,2,3
Bong,36,Gaëtan,Bong,3,44,1,0.2,34,3.1,990,0,0,4,15,0,0,0,1,0,0,3,204,20.4,2,3
Rosenior,36,Liam,Rosenior,23,39,0,3.6,3,1.0,163,0,0,0,3,0,0,0,0,0,0,0,22,3.6,2,3
Goldson,36,Connor,Goldson,18,39,0,2.4,6,6.0,90,0,0,1,0,0,0,0,0,0,0,0,23,8.7,2,3
Knockaert,36,Anthony,Knockaert,11,56,0,0.6,62,2.8,1606,2,1,8,17,0,0,0,4,0,0,5,270,108.1,3,3
Stephens,36,Dale,Stephens,6,45,0,1.3,55,2.4,2070,0,1,8,29,0,0,0,2,0,0,0,355,65.2,3,3
Kayal,36,Beram,Kayal,7,44,0,0.1,6,1.5,170,0,0,0,3,0,0,0,0,0,0,0,18,5.9,3,3
Sidwell,36,Steve,Sidwell,14,43,0,0.1,0,0.0,0,0,0,0,0,0,0,0,0,0,0,0,0,0.0,3,3
March,36,Solomon,March,20,49,0,0.2,47,2.1,1314,1,1,6,16,0,0,0,2,0,0,0,183,63.2,3,3
Skalak,36,Jiri,Skalak,8,47,0,0.0,0,0.0,0,0,0,0,0,0,0,0,0,0,0,0,0,0.0,3,3
Norwood,36,Oliver,Norwood,21,45,0,0.0,0,0.0,0,0,0,0,0,0,0,0,0,0,0,0,0,0.0,3,3
Murphy,36,Jamie,Murphy,15,47,0,0.0,6,1.5,166,0,0,0,4,0,0,0,0,0,0,0,25,5.1,3,3
Groß,36,Pascal,Groß,13,58,1,16.4,103,4.5,1750,4,5,8,26,0,0,0,1,0,0,17,388,142.2,3,3
Murray,36,Glenn,Murray,17,57,1,2.5,61,2.9,1233,6,0,6,20,0,0,1,5,0,0,9,167,78.6,4,3
Hemed,36,Tomer,Hemed,10,48,0,1.3,41,2.7,775,2,2,3,6,0,0,0,0,0,0,5,110,40.0,4,3
Baldock,36,Sam,Baldock,9,49,0,0.0,1,1.0,24,0,0,0,0,0,0,0,0,0,0,0,1,0.7,4,3
Heaton,90,Tom,Heaton,1,47,0,1.5,8,2.0,305,0,0,0,4,0,0,0,0,0,8,0,48,5.3,1,4
Robinson,90,Paul,Robinson,17,45,0,0.0,0,0.0,0,0,0,0,0,0,0,0,0,0,0,0,0,0.0,1,4
Lowton,90,Matthew,Lowton,2,44,0,2.0,53,4.1,1170,0,1,6,10,0,0,0,0,0,0,2,234,38.9,2,4
Mee,90,Ben,Mee,6,49,1,14.6,72,3.4,1890,0,0,8,20,0,0,0,3,0,0,6,370,83.3,2,4
Ward,90,Stephen,Ward,23,48,1,8.2,76,4.5,1470,1,1,7,12,0,0,0,1,0,0,9,318,51.5,2,4
Tarkowski,90,James,Tarkowski,5,47,0,4.7,71,3.5,1800,0,0,9,15,0,0,0,3,0,0,1,353,75.4,2,4
Long,90,Kevin,Long,28,41,0,6.5,27,5.4,450,0,1,3,5,0,0,0,0,0,0,4,117,18.7,2,4
Taylor,90,Charlie,Taylor,3,42,0,0.4,15,2.1,589,0,0,2,8,0,0,0,3,0,0,0,89,15.5,2,4
Arfield,90,Scott,Arfield,37,49,2,0.4,52,3.5,1175,2,2,6,13,0,0,0,3,0,0,6,159,56.6,3,4
Marney,90,Dean,Marney,8,44,0,0.0,0,0.0,0,0,0,0,0,0,0,0,0,0,0,0,0,0.0,3,4
Gudmundsson,90,Johann Berg,Gudmundsson,17,50,0,0.7,66,3.0,1688,1,5,8,17,0,0,0,2,0,0,1,275,115.5,3,4
Defour,90,Steven,Defour,16,54,0,0.4,61,2.7,1908,1,1,12,16,0,0,0,5,0,0,0,337,74.9,3,4
Hendrick,90,Jeff,Hendrick,13,54,0,0.2,60,3.0,1536,2,1,8,14,0,0,0,0,0,0,1,191,65.2,3,4
Brady,90,Robbie,Brady,12,54,1,0.5,56,3.7,1277,1,4,6,12,0,0,0,3,0,0,7,216,97.3,3,4
Westwood,90,Ashley,Westwood,18,43,0,0.1,7,1.0,56,0,0,0,1,0,0,0,0,0,0,0,26,2.1,3,4
Walters,90,Jonathan,Walters,19,51,0,0.1,3,1.0,36,0,0,0,2,0,0,0,0,0,0,0,3,1.1,3,4
Cork,90,Jack,Cork,4,46,0,3.3,62,2.7,2070,1,1,10,20,0,0,0,5,0,0,3,324,70.8,3,4
Vokes,90,Sam,Vokes,9,57,1,2.0,40,2.4,584,3,1,1,8,0,0,0,2,0,0,6,112,46.3,4,4
Gray,57,Andre,Gray,18,63,0,1.9,62,2.8,1192,4,3,5,24,0,0,0,1,0,0,3,184,82.5,4,18
Barnes,90,Ashley,Barnes,10,52,0,1.0,40,1.8,986,3,0,3,10,0,0,0,4,0,0,2,124,67.8,4,4
Courtois,8,Thibaut,Courtois,13,55,0,13.6,99,4.3,2070,0,0,12,16,0,0,0,1,0,46,2,428,34.1,1,5
Eduardo,8,Eduardo,dos Reis Carvalho,37,47,0,0.1,0,0.0,0,0,0,0,0,0,0,0,0,0,0,0,0,0.0,1,5
Caballero,8,Willy,Caballero,1,48,0,0.1,0,0.0,0,0,0,0,0,0,0,0,0,0,0,0,0,0.0,1,5
Azpilicueta,8,César,Azpilicueta,28,70,3,23.1,121,5.5,1980,1,6,11,16,1,0,0,1,0,0,16,576,101.9,2,5
Cahill,8,Gary,Cahill,24,62,0,3.0,53,3.1,1256,0,0,7,12,0,0,0,0,1,0,2,285,39.8,2,5
Zouma,110,Kurt,Zouma,6,54,0,1.9,48,2.4,1775,1,0,3,37,0,0,0,1,0,0,4,340,77.7,2,15
Alonso,8,Marcos,Alonso,3,73,4,25.9,131,5.7,1979,6,1,11,16,0,0,0,5,0,0,13,492,153.5,2,5
David Luiz,8,David,Luiz Moreira Marinho,30,57,0,7.9,29,3.6,716,1,1,3,9,0,0,0,2,1,0,0,165,26.3,2,5
Moses,8,Victor,Moses,15,64,1,1.2,62,3.9,1152,0,2,7,5,0,0,0,1,0,0,2,241,58.1,2,5
Rüdiger,8,Antonio,Rüdiger,2,59,2,3.5,81,5.1,1374,2,1,8,10,0,0,0,3,0,0,8,371,53.3,2,5
Hazard,8,Eden,Hazard,10,106,3,7.3,96,5.1,1248,6,4,7,9,0,0,0,1,0,0,15,353,166.4,3,5
Fàbregas,8,Cesc,Fàbregas,4,68,1,3.3,58,2.9,1402,1,4,7,12,0,0,0,2,1,0,4,349,169.6,3,5
Willian,8,Willian,Borges Da Silva,22,67,2,7.7,82,3.6,1108,3,6,8,8,0,0,0,0,0,0,7,319,132.6,3,5
Matic,1,Nemanja,Matic,31,48,0,8.7,58,2.5,2033,0,1,13,14,0,0,0,3,0,0,0,352,76.9,3,12
Loftus-Cheek,31,Ruben,Loftus-Cheek,8,46,0,6.0,53,3.3,1329,1,4,3,24,0,0,0,0,0,0,2,236,91.7,3,6
Pedro,8,Pedro,Rodríguez Ledesma,11,77,1,1.2,62,3.4,972,4,2,7,5,0,0,0,1,0,0,2,188,90.7,3,5
Kenedy,8,Robert Kenedy,Nunes do Nascimento,16,47,0,0.0,0,0.0,0,0,0,0,0,0,0,0,0,0,0,0,0,0.0,3,5
Kanté,8,N'Golo,Kanté,7,49,0,11.8,64,3.2,1734,1,1,12,11,0,0,0,2,0,0,6,395,103.4,3,5
Chalobah,57,Nathaniel,Chalobah,14,43,0,0.7,12,2.4,429,0,0,3,7,0,0,0,1,0,0,0,37,19.6,3,18
Batshuayi,8,Michy,Batshuayi,23,81,1,0.6,20,1.8,261,2,0,0,7,1,0,0,0,0,0,3,64,17.8,4,5
Costa,8,Diego,Da Silva Costa,19,95,0,0.3,0,0.0,0,0,0,0,0,0,0,0,0,0,0,0,0,0.0,4,5
Hennessey,31,Wayne,Hennessey,13,43,0,1.1,47,3.9,1080,0,0,3,19,0,0,0,0,0,42,7,238,29.9,1,6
Speroni,31,Julian,Speroni,1,41,1,5.3,36,3.3,990,0,0,2,14,0,0,0,0,0,30,3,175,21.3,1,6
Tomkins,31,James,Tomkins,5,43,0,2.1,44,3.1,1132,1,0,4,13,0,0,0,2,0,0,1,231,36.4,2,6
Dann,31,Scott,Dann,6,47,0,0.4,32,1.9,1434,1,0,1,26,0,0,0,4,0,0,0,211,67.0,2,6
Ward,31,Joel,Ward,2,47,0,0.2,27,1.9,1214,0,1,2,20,1,0,0,3,0,0,0,207,43.4,2,6
Kelly,31,Martin,Kelly,34,42,0,0.7,29,3.6,648,0,0,4,7,0,0,0,1,0,0,1,131,19.6,2,6
Delaney,31,Damien,Delaney,27,42,0,0.2,0,0.0,90,0,0,0,4,0,0,0,0,0,0,0,19,4.0,2,6
Souaré,31,Pape,Souaré,23,45,0,0.0,0,0.0,0,0,0,0,0,0,0,0,0,0,0,0,0,0.0,2,6
Schlupp,31,Jeffrey,Schlupp,15,47,0,0.3,39,2.1,1560,0,0,3,26,0,0,0,3,0,0,0,228,60.8,2,6
van Aanholt,31,Patrick,van Aanholt,3,51,0,0.8,20,1.5,841,0,0,2,16,0,0,0,4,0,0,0,124,31.4,2,6
Puncheon,31,Jason,Puncheon,42,45,0,0.3,11,1.1,574,0,0,0,14,0,0,0,5,0,0,0,38,25.1,3,6
Zaha,31,Wilfried,Zaha,11,69,0,5.4,66,3.9,1516,4,3,6,18,0,0,0,3,0,0,0,188,145.7,3,6
McArthur,31,James,McArthur,18,43,1,3.1,50,2.8,1116,3,0,3,13,0,0,0,3,0,0,6,192,63.8,3,6
Lee Chung-yong,31,Chung-yong,Lee,14,43,0,0.3,4,1.3,110,0,0,0,2,0,0,0,0,0,0,0,11,4.2,3,6
Cabaye,31,Yohan,Cabaye,7,54,0,0.3,46,2.4,1423,0,3,4,21,0,0,0,4,0,0,3,267,105.0,3,6
Sako,31,Bakary,Sako,26,49,0,0.1,33,2.4,336,3,0,1,6,0,0,0,0,0,0,1,102,39.5,3,6
Townsend,31,Andros,Townsend,10,56,0,1.0,72,3.3,1888,1,5,4,31,0,0,0,1,0,0,6,335,135.8,3,6
Milivojevic,31,Luka,Milivojevic,4,46,0,1.9,64,3.0,1729,4,0,4,30,0,0,1,5,0,0,8,290,92.9,3,6
Wickham,31,Connor,Wickham,21,54,0,0.0,0,0.0,0,0,0,0,0,0,0,0,0,0,0,0,0,0.0,4,6
Benteke,31,Christian,Benteke,17,76,0,2.3,41,2.4,1388,1,3,5,19,0,0,1,5,0,0,3,52,85.0,4,6
Pickford,11,Jordan,Pickford,1,49,2,8.1,90,3.9,2070,0,0,6,38,0,1,0,0,0,77,12,464,60.4,1,7
Robles,11,Joel,Robles,33,43,0,0.2,0,0.0,0,0,0,0,0,0,0,0,0,0,0,0,0,0.0,1,7
Stekelenburg,11,Maarten,Stekelenburg,22,42,0,0.3,0,0.0,0,0,0,0,0,0,0,0,0,0,0,0,0,0.0,1,7
Baines,11,Leighton,Baines,3,56,1,3.0,36,2.8,1099,2,1,1,25,0,0,0,1,0,0,2,189,51.0,2,7
Coleman,11,Seamus,Coleman,23,64,0,0.2,0,0.0,0,0,0,0,0,0,0,0,0,0,0,0,0,0.0,2,7
Jagielka,11,Phil,Jagielka,6,47,1,2.5,26,1.7,1174,0,0,2,29,0,0,0,1,0,0,4,234,38.1,2,7
Pennington,11,Matthew,Pennington,38,40,0,0.1,0,0.0,0,0,0,0,0,0,0,0,0,0,0,0,0,0.0,2,7
Funes Mori,11,Ramiro,Funes Mori,25,49,0,0.0,0,0.0,0,0,0,0,0,0,0,0,0,0,0,0,0,0.0,2,7
Williams,11,Ashley,Williams,5,52,1,2.8,52,2.9,1428,1,0,5,21,0,0,0,3,0,0,3,285,57.0,2,7
Holgate,11,Mason,Holgate,30,43,0,1.9,33,2.8,1080,0,0,4,13,0,0,0,3,0,0,0,193,45.9,2,7
Kenny,11,Jonjoe,Kenny,43,46,1,5.8,45,3.0,1274,0,2,5,23,0,0,0,2,0,0,2,271,48.8,2,7
Keane,11,Michael,Keane,4,53,0,4.6,35,2.2,1344,0,0,3,28,0,0,0,2,0,0,5,272,42.6,2,7
Bolasie,11,Yannick,Bolasie,7,64,0,0.1,7,1.8,196,0,0,1,4,0,0,0,0,0,0,0,13,3.5,3,7
Mirallas,11,Kevin,Mirallas,11,60,0,0.8,5,1.0,135,0,0,0,8,0,0,0,1,0,0,0,19,7.9,3,7
Barkley,8,Ross,Barkley,8,73,0,0.1,0,0.0,0,0,0,0,0,0,0,0,0,0,0,0,0,0.0,3,5
McCarthy,11,James,McCarthy,16,49,0,0.0,4,1.3,144,0,0,0,5,0,0,0,0,0,0,0,25,3.2,3,7
Barry,35,Gareth,Barry,18,45,0,0.9,48,2.4,1537,1,2,4,24,0,0,0,3,0,0,0,246,73.6,3,19
Besic,11,Muhamed,Besic,21,43,0,0.2,2,1.0,46,0,0,0,0,0,0,0,0,0,0,0,10,3.0,3,7
Lennon,11,Aaron,Lennon,12,54,0,0.1,31,2.1,788,0,2,3,14,0,0,0,0,0,0,0,84,22.7,3,7
Schneiderlin,11,Morgan,Schneiderlin,2,47,0,0.5,31,1.7,1331,0,0,4,23,0,0,0,2,1,0,0,213,34.3,3,7
Gueye,11,Idrissa,Gueye,17,48,0,0.8,46,2.2,1759,1,0,5,31,0,0,0,4,1,0,2,324,58.6,3,7
Davies,11,Tom,Davies,26,52,0,0.4,32,1.6,1036,0,2,4,15,0,0,0,6,0,0,0,118,33.5,3,7
Lookman,11,Ademola,Lookman,31,51,0,0.1,10,1.4,153,0,1,0,6,0,0,0,0,0,0,0,30,7.5,3,7
Klaassen,11,Davy,Klaassen,20,70,0,0.3,4,1.0,187,0,0,0,4,0,0,0,0,0,0,0,10,4.8,3,7
Calvert-Lewin,11,Dominic,Calvert-Lewin,29,55,1,10.3,68,3.0,1548,3,6,6,21,0,0,0,3,0,0,3,189,100.2,4,7
Sandro,11,Sandro,Ramírez,9,71,0,0.4,10,1.3,275,0,0,1,7,0,0,0,0,0,0,0,21,9.8,4,7
Rooney,11,Wayne,Rooney,10,75,2,15.1,94,4.9,1428,10,3,4,24,0,0,2,5,0,0,19,378,123.6,4,7
Coleman,38,Joel,Coleman,13,40,0,1.3,0,0.0,0,0,0,0,0,0,0,0,0,0,0,0,0,0.0,1,8
Lössl,38,Jonas,Lössl,1,46,1,7.9,84,3.7,2070,0,1,7,39,0,1,0,0,0,59,7,443,52.2,1,8
Schindler,38,Christopher,Schindler,26,46,4,3.8,65,3.0,1946,0,2,6,35,0,0,0,4,1,0,12,439,76.8,2,8
Löwe,38,Chris,Löwe,15,44,0,1.7,49,2.7,1234,0,0,6,20,0,0,0,0,0,0,0,256,30.6,2,8
Smith,38,Tommy,Smith,2,48,0,0.3,40,2.1,1519,0,1,4,26,0,0,0,5,0,0,2,251,51.6,2,8
Hefele,38,Michael,Hefele,44,42,0,0.1,1,1.0,1,0,0,0,0,0,0,0,0,0,0,0,4,0.4,2,8
Cranie,38,Martin,Cranie,14,40,0,0.3,2,0.7,179,0,0,0,7,0,0,0,0,0,0,0,35,4.7,2,8
Stankovic,38,Jon Gorenc,Stankovic,27,39,0,0.1,0,0.0,0,0,0,0,0,0,0,0,0,0,0,0,0,0.0,2,8
Hudson,38,Mark,Hudson,5,40,0,0.1,0,0.0,0,0,0,0,0,0,0,0,0,0,0,0,0,0.0,2,8
Zanka,38,Mathias,Jorgensen,25,46,2,7.5,65,2.8,2070,0,2,7,39,0,0,0,4,0,0,4,388,61.2,2,8
Mooy,38,Aaron,Mooy,10,54,2,6.7,82,3.6,1978,4,2,7,36,0,0,0,2,0,0,6,400,136.7,3,8
van La Parra,38,Rajiv,van La Parra,17,48,0,0.1,36,1.9,1204,1,0,4,24,0,0,0,2,1,0,0,127,60.8,3,8
Hogg,38,Jonathan,Hogg,6,44,0,0.3,26,1.7,1110,0,0,4,22,0,0,0,2,1,0,0,209,29.3,3,8
Billing,38,Philip,Billing,8,44,0,0.2,12,1.7,420,0,0,3,5,0,0,0,2,0,0,0,52,12.6,3,8
Lolley,38,Joe,Lolley,18,43,0,0.1,11,1.8,217,1,0,0,5,0,0,0,1,0,0,0,28,11.8,3,8
Payne,38,Jack,Payne,16,45,0,0.0,0,0.0,0,0,0,0,0,0,0,0,0,0,0,0,0,0.0,3,8
Whitehead,38,Dean,Whitehead,4,43,0,0.1,3,1.0,65,0,0,0,3,0,0,0,0,0,0,0,13,0.7,3,8
Bunn,38,Harry,Bunn,11,45,0,0.0,0,0.0,0,0,0,0,0,0,0,0,0,0,0,0,0,0.0,3,8
Scannell,38,Sean,Scannell,7,45,0,0.0,0,0.0,0,0,0,0,0,0,0,0,0,0,0,0,0,0.0,3,8
Kachunga,38,Elias,Kachunga,9,57,0,0.1,44,2.6,1253,1,1,6,23,0,0,0,1,0,0,0,146,53.8,3,8
Ince,38,Tom,Ince,22,55,0,0.5,60,2.7,1912,1,1,6,33,0,0,0,0,0,0,3,195,99.8,3,8
Palmer,8,Kasey,Palmer,45,53,0,0.0,4,1.0,168,0,0,1,2,0,0,0,2,0,0,0,9,7.2,3,5
Williams,38,Danny,Williams,19,49,0,0.0,23,1.4,914,0,0,0,19,0,0,0,2,0,0,0,116,20.3,3,8
Wells,90,Nahki,Wells,21,49,0,0.0,4,1.0,22,0,0,0,1,0,0,0,0,0,0,0,5,2.6,4,4
Quaner,38,Collin,Quaner,23,46,0,5.7,27,1.9,702,0,3,2,13,0,0,0,2,0,0,0,108,52.3,4,8
Depoitre,38,Laurent,Depoitre,20,55,1,7.8,70,3.5,1310,5,2,4,26,0,0,0,1,0,0,11,214,69.3,4,8
Mounie,38,Steve,Mounie,24,57,1,0.9,44,2.9,853,4,0,4,18,0,0,0,2,0,0,6,140,60.3,4,8
Schmeichel,13,Kasper,Schmeichel,1,50,2,4.1,88,3.8,2070,0,0,6,32,1,1,0,2,0,74,12,437,55.1,1,9
Hamer,13,Ben,Hamer,12,44,0,0.1,0,0.0,0,0,0,0,0,0,0,0,0,0,0,0,0,0.0,1,9
Morgan,13,Wes,Morgan,5,45,0,2.2,45,2.0,1917,0,0,4,32,0,0,0,3,0,0,1,271,53.7,2,9
Fuchs,13,Christian,Fuchs,28,48,1,2.1,48,2.8,1368,0,1,4,20,0,0,0,1,0,0,6,260,51.5,2,9
Simpson,13,Danny,Simpson,2,43,0,1.7,43,2.3,1659,0,0,4,27,0,0,0,1,0,0,0,255,48.1,2,9
Huth,13,Robert,Huth,6,48,0,0.1,0,0.0,0,0,0,0,0,0,0,0,0,0,0,0,0,0.0,2,9
Benalouane,13,Yohan,Benalouane,29,43,0,0.1,0,0.0,0,0,0,0,0,0,0,0,0,0,0,0,0,0.0,2,9
Chilwell,13,Benjamin,Chilwell,3,43,0,0.5,28,2.2,907,0,0,3,13,0,0,0,0,1,0,0,168,29.4,2,9
Wagué,57,Molla,Wagué,13,45,0,0.1,17,3.4,378,1,0,1,7,0,0,0,0,0,0,0,78,14.0,2,18
Maguire,13,Harry,Maguire,15,54,1,11.5,86,3.7,2070,2,4,6,32,0,0,0,4,0,0,8,477,95.9,2,9
Mahrez,13,Riyad,Mahrez,26,86,2,12.1,129,5.6,1849,7,10,6,29,0,0,0,1,0,0,14,438,168.9,3,9
Albrighton,13,Marc,Albrighton,11,56,2,3.1,82,3.6,1657,2,6,5,25,0,0,0,3,0,0,11,324,105.1,3,9
King,13,Andy,King,10,42,0,3.6,23,2.1,533,1,1,0,12,0,0,0,1,0,0,1,83,21.6,3,9
Drinkwater,8,Daniel,Drinkwater,6,48,1,0.2,20,2.0,350,1,0,1,4,0,0,0,0,0,0,1,85,20.6,3,5
Gray,13,Demarai,Gray,7,53,0,0.9,53,2.4,1061,3,1,3,19,0,0,0,2,0,0,2,204,73.1,3,9
Amartey,13,Daniel,Amartey,18,43,0,0.2,7,1.4,304,0,0,2,5,0,0,0,0,1,0,0,30,6.0,3,9
Mendy,13,Nampalys,Mendy,24,45,0,0.0,0,0.0,0,0,0,0,0,0,0,0,0,0,0,0,0,0.0,3,9
Ndidi,13,Wilfred,Ndidi,25,49,0,0.5,57,2.5,2040,0,3,6,32,0,0,0,3,1,0,2,308,78.7,3,9
Musa,13,Ahmed,Musa,13,62,0,0.4,0,0.0,0,0,0,0,0,0,0,0,0,0,0,0,0,0.0,3,9
Iborra,13,Vicente,Iborra,21,58,0,0.1,35,2.5,1055,1,0,2,15,0,0,0,0,0,0,2,199,38.7,3,9
Vardy,13,Jamie,Vardy,9,85,2,15.2,99,4.5,1900,9,2,5,29,0,0,1,1,0,0,16,353,136.4,4,9
Ulloa,13,Leonardo,Ulloa,23,48,0,0.2,4,1.0,19,0,0,0,1,0,0,0,0,0,0,0,13,4.4,4,9
Okazaki,13,Shinji,Okazaki,20,55,1,5.3,65,3.3,991,6,2,4,13,0,0,0,2,0,0,7,243,91.5,4,9
Slimani,13,Islam,Slimani,19,66,0,0.3,21,1.8,240,1,1,1,3,0,0,0,0,0,0,1,61,21.0,4,9
Mignolet,14,Simon,Mignolet,22,49,0,1.4,67,3.5,1710,0,0,7,24,0,1,0,3,0,36,0,329,28.0,1,10
Karius,14,Loris,Karius,1,48,0,0.2,15,3.8,360,0,0,2,4,0,0,0,0,0,2,0,66,2.1,1,10
Lovren,14,Dejan,Lovren,6,53,1,1.3,61,3.4,1385,1,1,6,18,0,0,0,4,0,0,4,322,53.9,2,10
Moreno,14,Alberto,Moreno,18,44,0,1.4,44,3.7,1080,0,1,5,17,0,0,0,0,0,0,3,287,53.7,2,10
Clyne,14,Nathaniel,Clyne,2,53,0,0.2,0,0.0,0,0,0,0,0,0,0,0,0,0,0,0,0,0.0,2,10
Gomez,14,Joseph,Gomez,12,47,2,5.8,63,3.5,1451,0,2,6,19,0,0,0,2,0,0,6,368,59.0,2,10
Matip,14,Joel,Matip,32,54,1,1.8,58,3.4,1441,1,0,6,22,0,0,0,1,0,0,3,343,61.9,2,10
Klavan,14,Ragnar,Klavan,17,44,2,3.4,62,4.1,1172,1,0,6,13,0,0,0,0,0,0,7,303,37.9,2,10
Sakho,31,Mamadou,Sakho,12,47,1,0.4,40,4.0,834,1,1,2,16,0,0,0,1,0,0,10,210,32.4,2,6
Milner,14,James,Milner,7,61,1,2.2,38,2.0,935,0,2,2,18,0,0,0,2,0,0,3,228,76.4,2,10
Alexander-Arnold,14,Trent,Alexander-Arnold,66,42,1,2.8,36,4.5,709,1,1,3,10,0,0,0,2,0,0,4,177,46.9,2,10
Lucas,14,Leiva,Lucas,21,45,0,0.0,0,0.0,0,0,0,0,0,0,0,0,0,0,0,0,0,0.0,3,10
Henderson,14,Jordan,Henderson,14,54,0,1.1,46,2.9,1272,1,1,6,18,0,0,0,1,0,0,3,228,63.7,3,10
Coutinho,14,Philippe,Coutinho,10,91,4,4.7,103,7.4,1109,7,7,5,14,0,0,0,0,0,0,15,381,169.4,3,10
Can,14,Emre,Can,23,48,0,3.8,54,3.0,1433,1,4,5,23,0,0,0,6,0,0,4,331,78.9,3,10
Lallana,14,Adam,Lallana,20,73,0,0.3,6,1.2,128,0,0,1,1,0,0,0,1,0,0,0,21,16.7,3,10
Sheyi Ojo,14,Oluwaseyi,Ojo,54,50,0,0.0,0,0.0,0,0,0,0,0,0,0,0,0,0,0,0,0,0.0,3,10
Mané,14,Sadio,Mané,19,93,2,7.3,77,5.1,1076,6,4,6,18,0,0,0,2,1,0,6,277,117.7,3,10
Grujic,14,Marko,Grujic,16,42,0,0.6,3,1.0,14,0,0,0,0,0,0,0,0,0,0,0,9,1.9,3,10
Wijnaldum,14,Georginio,Wijnaldum,5,66,0,2.1,52,2.6,1503,1,1,9,16,0,0,0,1,0,0,0,240,73.3,3,10
Woodburn,14,Ben,Woodburn,58,42,0,0.3,0,0.0,0,0,0,0,0,0,0,0,0,0,0,0,0,0.0,3,10
Salah,14,Mohamed,Salah,11,102,7,52.9,179,8.1,1673,18,8,8,20,0,0,1,0,0,0,18,511,270.0,3,10
Firmino,14,Roberto,Firmino,9,91,3,37.6,117,5.3,1595,10,6,9,22,0,0,0,1,0,0,19,482,185.8,4,10
Sturridge,14,Daniel,Sturridge,15,79,0,0.6,25,2.8,427,2,1,3,3,0,0,0,0,0,0,0,108,56.8,4,10
Ings,14,Danny,Ings,28,54,0,0.1,2,1.0,11,0,0,0,0,0,0,0,0,0,0,0,5,1.5,4,10
Origi,14,Divock,Origi,27,74,0,0.2,1,1.0,9,0,0,0,1,0,0,0,0,0,0,0,3,0.0,4,10
Solanke,14,Dominic,Solanke,29,47,0,1.6,20,1.4,374,0,1,1,4,0,0,0,0,0,0,0,46,41.8,4,10
Ederson,43,Ederson,Santana de Moraes,31,55,1,6.6,97,4.2,2025,0,0,10,17,0,1,0,0,0,37,5,424,34.9,1,11
Bravo,43,Claudio,Bravo,1,46,0,0.4,1,1.0,44,0,0,0,0,0,0,0,0,0,0,0,4,0.3,1,11
Stones,43,John,Stones,5,54,0,4.0,52,3.7,1040,0,0,7,10,0,0,0,0,0,0,2,262,34.0,2,11
Kolarov,43,Aleksandar,Kolarov,11,55,0,0.0,0,0.0,0,0,0,0,0,0,0,0,0,0,0,0,0,0.0,2,11
Kompany,43,Vincent,Kompany,4,58,0,1.8,24,2.7,674,0,0,3,4,0,0,0,4,0,0,0,148,26.1,2,11
Otamendi,43,Nicolás,Otamendi,30,65,4,32.9,111,5.0,1960,4,0,10,17,1,0,0,7,0,0,16,507,101.8,2,11
Delph,43,Fabian,Delph,18,45,0,0.6,42,2.6,1282,1,1,5,12,0,0,0,1,0,0,0,294,52.3,3,11
Sterling,43,Raheem,Sterling,7,89,5,37.6,147,7.0,1579,14,7,7,15,0,0,0,2,1,0,16,467,202.1,3,11
David Silva,43,David,Silva,21,80,3,9.3,106,5.6,1606,5,8,9,12,0,0,0,4,0,0,15,417,188.3,3,11
Yaya Touré,43,Gnegneri Yaya,Touré,42,61,0,0.7,7,1.4,89,0,1,0,1,0,0,0,1,0,0,0,43,9.3,3,11
Fernandinho,43,Fernando,Luiz Rosa,25,51,1,6.0,74,3.2,1901,2,4,11,15,0,0,0,6,0,0,3,375,106.8,3,11
Fernando,43,Fernando Francisco,Reges,6,45,0,0.0,0,0.0,0,0,0,0,0,0,0,0,0,0,0,0,0,0.0,3,11
De Bruyne,43,Kevin,De Bruyne,17,102,3,21.2,139,6.0,1964,6,11,12,16,0,0,0,1,0,0,19,593,237.1,3,11
Gündogan,43,Ilkay,Gündogan,8,53,2,0.7,43,2.7,560,2,2,2,7,0,0,0,0,0,0,5,167,48.6,3,11
Nolito,43,Manuel,Agudo Durán,9,70,0,0.0,0,0.0,0,0,0,0,0,0,0,0,0,0,0,0,0,0.0,3,11
Sané,43,Leroy,Sané,19,84,3,12.0,113,5.4,1456,7,9,7,14,0,0,0,4,0,0,11,399,171.9,3,11
Bernardo Silva,43,Bernardo Mota,Veiga de Carvalho e Silva,20,74,0,0.6,53,2.5,670,2,4,4,4,0,0,0,0,0,0,0,229,74.6,3,11
Agüero,43,Sergio,Agüero,10,117,2,22.7,116,6.4,1421,13,5,10,9,0,0,0,1,0,0,16,470,200.4,4,11
Iheanacho,13,Kelechi,Iheanacho,8,65,0,0.6,10,1.1,254,0,0,0,5,0,0,0,1,0,0,0,25,10.1,4,9
Jesus,43,Gabriel Fernando,de Jesus,33,100,2,5.2,77,4.3,1007,8,4,6,8,0,0,1,3,0,0,11,272,136.5,4,11
de Gea,1,David,de Gea,1,59,0,42.7,121,5.3,2070,0,0,13,16,0,0,0,0,0,78,10,502,54.2,1,12
Romero,1,Sergio,Romero,20,47,0,0.1,0,0.0,0,0,0,0,0,0,0,0,0,0,0,0,0,0.0,1,12
Joel Pereira,1,Joel Dinis,Castro Pereira,40,39,0,6.7,0,0.0,0,0,0,0,0,0,0,0,0,0,0,0,0,0.0,1,12
Smalling,1,Chris,Smalling,12,53,0,2.0,55,3.7,1275,1,0,6,12,0,0,0,2,0,0,2,272,41.8,2,12
Jones,1,Phil,Jones,4,57,2,16.2,92,5.1,1523,0,0,12,8,0,0,0,1,0,0,13,430,38.7,2,12
Shaw,1,Luke,Shaw,23,49,0,1.1,25,5.0,442,0,0,4,2,0,0,0,1,0,0,1,115,25.3,2,12
Rojo,1,Marcos,Rojo,5,54,0,0.2,9,1.5,384,0,0,1,7,0,0,0,5,0,0,3,56,14.4,2,12
Valencia,1,Antonio,Valencia,25,67,2,8.1,109,5.7,1685,3,0,12,11,0,0,0,3,0,0,12,443,77.7,2,12
Darmian,1,Matteo,Darmian,36,50,0,0.2,9,2.3,195,0,0,1,2,0,0,0,0,0,0,0,46,4.8,2,12
Fosu-Mensah,31,Timothy,Fosu-Mensah,24,44,0,0.9,32,2.1,1140,0,0,2,19,0,0,0,1,0,0,3,220,35.3,2,6
Blind,1,Daley,Blind,17,51,0,0.9,20,4.0,274,0,0,3,0,0,0,0,0,0,0,0,88,15.1,2,12
Bailly,1,Eric,Bailly,3,60,1,5.7,46,5.8,720,1,0,6,3,0,0,0,2,0,0,3,198,28.3,2,12
Tuanzebe,1,Axel,Tuanzebe,38,39,0,1.7,1,1.0,1,0,0,0,0,0,0,0,0,0,0,0,3,0.0,2,12
Lindelöf,1,Victor,Lindelöf,2,49,0,1.3,27,2.7,743,0,0,3,9,0,0,0,1,0,0,1,166,19.5,2,12
Mata,1,Juan,Mata,8,68,1,2.4,74,4.1,1256,3,3,11,7,0,0,0,0,0,0,6,303,116.9,3,12
Fellaini,1,Marouane,Fellaini,27,47,1,0.6,33,3.3,383,3,0,3,0,0,0,0,1,0,0,3,113,43.9,3,12
Carrick,1,Michael,Carrick,16,42,0,0.9,0,0.0,0,0,0,0,0,0,0,0,0,0,0,0,0,0.0,3,12
Young,1,Ashley,Young,18,50,1,2.1,71,4.2,1434,2,5,7,14,0,0,0,4,0,0,10,338,91.5,3,12
Herrera,1,Ander,Herrera,21,50,0,1.2,27,1.6,850,0,1,3,11,0,0,0,4,0,0,0,139,43.5,3,12
Lingard,1,Jesse,Lingard,14,64,2,20.1,88,4.6,996,7,4,4,9,0,0,0,2,0,0,10,271,110.0,3,12
Martial,1,Anthony,Martial,11,80,0,2.5,98,4.7,988,8,5,7,7,0,0,0,1,0,0,5,319,125.1,3,12
Mkhitaryan,1,Henrikh,Mkhitaryan,22,76,1,5.9,57,3.8,920,1,5,9,4,0,0,0,2,0,0,4,227,84.4,3,12
Pogba,1,Paul,Pogba,6,80,3,14.2,86,6.6,1132,3,11,7,10,0,0,0,1,1,0,9,314,130.3,3,12
McTominay,1,Scott,McTominay,39,42,0,0.4,5,1.7,101,0,0,1,0,0,0,0,0,0,0,0,22,2.8,3,12
Rashford,1,Marcus,Rashford,19,76,0,7.8,72,3.1,1292,4,5,8,12,0,0,0,2,0,0,6,268,130.2,4,12
Lukaku,1,Romelu,Lukaku,9,113,2,22.4,104,4.7,1903,11,4,11,16,0,0,1,3,0,0,10,372,182.9,4,12
Elliot,4,Robert,Elliot,1,41,3,20.3,57,3.6,1440,0,0,3,21,0,1,0,0,0,44,4,280,36.5,1,13
Darlow,4,Karl,Darlow,26,44,1,0.3,27,3.9,630,0,0,2,10,0,0,0,0,0,23,2,127,17.6,1,13
Yedlin,4,DeAndre,Yedlin,22,44,1,0.8,43,2.3,1625,0,1,3,25,1,0,0,2,0,0,2,269,53.5,2,13
Clark,4,Ciaran,Clark,2,44,1,2.1,57,3.4,1475,2,0,4,25,0,0,0,2,0,0,6,279,56.6,2,13
Lascelles,4,Jamaal,Lascelles,6,46,1,6.0,67,3.7,1577,2,0,5,15,0,0,0,3,0,0,6,309,61.1,2,13
Dummett,4,Paul,Dummett,3,42,0,0.2,12,2.4,285,0,0,1,2,0,0,0,0,0,0,0,58,9.8,2,13
Hanley,4,Grant,Hanley,5,40,0,0.4,0,0.0,0,0,0,0,0,0,0,0,0,0,0,0,0,0.0,2,13
Gámez,4,Jesús,Gámez Duarte,27,39,0,1.8,9,4.5,97,0,0,1,0,0,0,0,0,0,0,2,38,8.4,2,13
Lejeune,4,Florian,Lejeune,20,43,0,0.1,17,1.4,1023,0,0,1,21,0,0,0,3,0,0,0,173,36.3,2,13
Ritchie,4,Matt,Ritchie,11,55,1,2.0,72,3.3,1823,0,7,5,27,0,0,0,3,0,0,6,336,128.0,3,13
Shelvey,4,Jonjo,Shelvey,8,52,0,0.3,26,1.5,1110,0,1,2,17,0,0,0,2,2,0,1,141,63.5,3,13
Gouffran,4,Yoan,Gouffran,20,50,0,0.0,0,0.0,0,0,0,0,0,0,0,0,0,0,0,0,0,0.0,3,13
Diamé,4,Mohamed,Diamé,10,46,0,0.1,30,1.9,743,1,0,1,12,0,0,0,0,0,0,0,113,26.4,3,13
Colback,4,Jack,Colback,4,42,0,1.2,0,0.0,0,0,0,0,0,0,0,0,0,0,0,0,0,0.0,3,13
Atsu,4,Christian,Atsu,30,48,1,2.1,65,3.4,1434,2,4,5,15,0,0,0,1,0,0,5,199,90.6,3,13
Gayle,4,Dwight,Gayle,9,61,1,1.1,47,2.4,1040,3,1,1,22,0,0,0,2,0,0,4,148,74.3,4,13
Pérez,4,Ayoze,Pérez,17,52,1,1.3,52,2.5,1326,2,2,4,16,1,0,0,1,0,0,5,158,82.6,4,13
Mitrovic,4,Aleksandar,Mitrovic,45,47,0,0.7,10,1.7,89,1,0,0,0,0,0,0,0,0,0,0,37,16.6,4,13
Murphy,4,Daryl,Murphy,33,45,0,0.5,0,0.0,0,0,0,0,0,0,0,0,0,0,0,0,0,0.0,4,13
McCarthy,20,Alex,McCarthy,13,44,0,0.1,9,3.0,270,0,0,1,4,0,0,0,1,0,7,1,48,4.1,1,14
Forster,20,Fraser,Forster,44,48,1,5.2,73,3.6,1800,0,0,4,30,0,1,0,0,0,69,6,351,48.9,1,14
Bertrand,20,Ryan,Bertrand,21,53,1,4.8,59,3.0,1795,0,3,4,28,0,0,0,0,0,0,4,357,88.8,2,14
Yoshida,20,Maya,Yoshida,3,48,0,3.4,66,3.7,1534,2,1,5,24,0,0,0,1,0,0,6,335,73.0,2,14
Targett,20,Matt,Targett,33,43,0,0.1,2,1.0,166,0,0,0,6,0,0,0,0,0,0,0,35,8.1,2,14
Cédric,20,Cédric,Soares,2,47,0,2.5,40,2.4,1444,0,0,4,22,0,0,0,1,0,0,0,234,58.8,2,14
van Dijk,14,Virgil,van Dijk,4,55,1,4.7,25,2.1,993,0,0,1,18,0,0,0,0,0,0,4,199,43.7,2,10
Pied,20,Jérémy,Pied,26,42,0,0.1,7,3.5,180,0,1,0,3,0,0,0,0,0,0,1,47,10.0,2,14
Stephens,20,Jack,Stephens,5,45,0,0.2,27,2.5,990,0,0,3,16,0,0,0,2,0,0,1,186,30.9,2,14
McQueen,20,Sam,McQueen,38,43,0,0.1,12,2.4,126,0,0,1,1,0,0,0,0,0,0,2,40,6.6,2,14
Bednarek,20,Jan,Bednarek,35,42,0,0.1,0,0.0,0,0,0,0,0,0,0,0,0,0,0,0,0,0.0,2,14
Davis,20,Steven,Davis,8,48,2,2.3,66,3.5,1373,3,2,4,20,0,0,0,0,0,0,6,315,77.9,3,14
Ward-Prowse,20,James,Ward-Prowse,16,50,1,0.5,47,2.6,937,2,2,2,11,0,0,0,1,0,0,3,191,68.5,3,14
Tadic,20,Dusan,Tadic,11,63,1,1.6,71,3.4,1612,3,3,6,23,0,0,0,3,0,0,5,270,134.2,3,14
Clasie,20,Jordy,Clasie,4,44,0,0.1,0,0.0,0,0,0,0,0,0,0,0,0,0,0,0,0,0.0,3,14
Oriol Romeu,20,Oriol,Romeu Vidal,14,43,0,2.2,45,2.1,1799,1,0,5,31,0,0,0,6,0,0,0,312,74.4,3,14
Højbjerg,20,Pierre-Emile,Højbjerg,23,43,0,0.3,16,1.6,682,0,0,1,12,0,0,0,3,0,0,0,119,25.2,3,14
Boufal,20,Sofiane,Boufal,19,57,0,0.2,44,2.3,967,2,1,1,22,0,0,0,1,0,0,2,184,84.8,3,14
Sims,20,Joshua,Sims,39,43,0,0.1,1,1.0,1,0,0,0,0,0,0,0,0,0,0,0,3,0.0,3,14
Redmond,20,Nathan,Redmond,22,59,0,1.7,47,2.2,1369,0,3,4,22,0,0,0,3,0,0,2,200,95.6,3,14
Long,20,Shane,Long,7,56,0,0.5,34,2.0,1019,1,2,3,19,0,0,0,4,0,0,0,110,63.8,4,14
Austin,20,Charlie,Austin,10,60,1,1.0,53,3.3,596,6,0,1,10,0,0,0,1,0,0,9,163,69.5,4,14
Gabbiadini,20,Manolo,Gabbiadini,20,63,1,1.4,44,2.2,848,3,0,4,13,0,0,0,1,0,0,4,129,36.5,4,14
Butland,110,Jack,Butland,1,50,1,2.1,55,2.8,1800,0,0,2,43,0,0,0,0,0,73,3,356,52.0,1,15
Grant,110,Lee,Grant,33,42,0,0.3,5,1.7,270,0,0,0,7,0,0,0,0,0,8,0,44,6.3,1,15
Shawcross,110,Ryan,Shawcross,17,48,0,0.7,35,2.3,1291,1,1,2,25,1,0,0,1,0,0,0,198,61.4,2,15
Cameron,110,Geoff,Cameron,20,43,0,0.3,22,1.6,1118,0,0,1,24,0,0,0,1,0,0,0,160,29.1,2,15
Pieters,110,Erik,Pieters,3,47,0,0.3,35,1.8,1660,0,0,3,37,0,0,0,1,0,0,0,251,45.8,2,15
Muniesa,110,Marc,Muniesa,5,45,0,0.0,0,0.0,0,0,0,0,0,0,0,0,0,0,0,0,0,0.0,2,15
Bardsley,90,Phil,Bardsley,26,43,0,0.9,29,2.9,900,0,0,4,10,0,0,0,4,0,0,0,167,32.3,2,4
Johnson,110,Glen,Johnson,8,41,0,0.2,1,0.3,149,0,0,0,6,0,0,0,0,0,0,0,23,4.4,2,15
Tymon,110,Josh,Tymon,12,44,0,0.0,0,0.0,162,0,0,0,9,0,0,0,0,0,0,0,18,2.5,2,15
Allen,110,Joe,Allen,4,51,1,1.5,63,3.0,1872,1,4,2,38,0,0,0,5,0,0,7,330,98.2,3,15
Adam,110,Charlie,Adam,16,47,0,0.1,8,1.3,219,0,0,0,7,0,0,0,0,0,0,0,52,16.2,3,15
Whelan,110,Glenn,Whelan,6,45,0,0.0,0,0.0,0,0,0,0,0,0,0,0,0,0,0,0,0,0.0,3,15
Arnautovic,21,Marko,Arnautovic,7,70,2,10.5,75,4.2,1177,6,3,3,27,0,0,0,2,1,0,7,234,115.3,3,20
Afellay,110,Ibrahim,Afellay,14,48,0,0.0,6,1.0,162,0,0,0,9,0,0,0,1,0,0,0,29,1.8,3,15
Shaqiri,110,Xherdan,Shaqiri,22,60,1,5.4,83,4.0,1704,4,5,2,41,0,0,0,3,0,0,9,333,157.5,3,15
Imbula,110,Giannelli,Imbula,21,45,0,0.1,0,0.0,0,0,0,0,0,0,0,0,0,0,0,0,0,0.0,3,15
Bojan,110,Bojan,Krkic Perez,27,55,0,0.0,2,2.0,71,0,0,0,1,0,0,0,0,0,0,0,5,1.9,3,15
Sobhi,110,Ramadan,Sobhi,32,45,0,0.6,38,2.4,884,2,1,1,24,0,0,0,2,0,0,2,180,50.4,3,15
Fletcher,110,Darren,Fletcher,24,49,1,0.5,57,2.6,1885,1,1,2,47,0,0,0,0,0,0,3,295,70.8,3,15
Crouch,110,Peter,Crouch,25,49,0,3.3,47,2.6,912,3,2,0,18,0,0,0,1,0,0,4,159,66.1,4,15
Diouf,110,Mame Biram,Diouf,18,54,0,3.1,64,2.9,1670,4,2,2,42,0,0,0,3,0,0,5,243,104.5,4,15
Berahino,110,Saido,Berahino,9,56,0,0.2,15,1.5,383,0,1,2,9,0,0,1,0,0,0,0,30,19.2,4,15
Fabianski,80,Lukasz,Fabianski,1,46,2,7.6,92,4.0,2070,0,0,6,35,0,1,0,0,0,89,7,469,65.7,1,16
Nordfeldt,80,Kristoffer,Nordfeldt,13,40,0,1.0,0,0.0,0,0,0,0,0,0,0,0,0,0,0,0,0,0.0,1,16
Naughton,80,Kyle,Naughton,26,45,2,2.9,64,3.0,1876,0,1,6,32,0,0,0,1,0,0,8,381,70.6,2,16
Rangel,80,Angel,Rangel,22,39,0,9.2,3,1.0,64,0,0,0,1,0,0,0,0,0,0,0,12,1.5,2,16
Fernández,80,Federico,Fernández,33,45,0,1.5,40,2.4,1530,0,0,4,27,1,0,0,4,0,0,6,277,47.0,2,16
Kingsley,80,Stephen,Kingsley,35,45,0,0.0,0,0.0,0,0,0,0,0,0,0,0,0,0,0,0,0,0.0,2,16
van der Hoorn,80,Mike,van der Hoorn,5,44,0,0.1,36,3.3,883,0,0,5,12,0,0,0,2,0,0,2,182,29.0,2,16
Mawson,80,Alfie,Mawson,6,50,0,1.0,65,2.8,2070,1,0,6,35,0,0,0,1,0,0,3,406,64.2,2,16
Olsson,80,Martin,Olsson,16,50,0,0.3,58,2.8,1886,0,1,7,31,0,0,0,3,0,0,0,296,48.1,2,16
Sigurdsson,11,Gylfi,Sigurdsson,18,80,1,2.0,70,3.3,1743,3,2,5,34,0,0,0,2,0,0,6,295,114.5,3,7
Routledge,80,Wayne,Routledge,15,51,0,0.1,12,1.2,319,0,0,1,9,0,0,0,1,0,0,0,40,13.8,3,16
Britton,80,Leon,Britton,7,44,0,0.1,9,2.3,269,0,0,3,1,0,0,0,1,0,0,0,25,1.6,3,16
Fulton,80,Jay,Fulton,56,44,0,0.1,1,0.5,17,0,0,0,0,0,0,0,1,0,0,0,1,0.0,3,16
Ki Sung-yueng,80,Sung-yueng,Ki,4,49,0,0.0,20,1.8,802,0,0,2,12,0,0,0,1,0,0,0,116,29.4,3,16
Montero,80,Jefferson,Montero,20,49,0,0.0,0,0.0,0,0,0,0,0,0,0,0,0,0,0,0,0,0.0,3,16
Fer,80,Leroy,Fer,8,52,0,0.2,35,2.1,1179,1,1,3,24,0,0,0,5,0,0,0,165,47.3,3,16
Dyer,80,Nathan,Dyer,12,44,0,0.1,22,1.8,689,0,1,1,12,0,0,0,2,0,0,0,87,24.5,3,16
Carroll,80,Tom,Carroll,14,43,0,5.1,56,2.5,1780,0,3,6,28,0,0,0,3,0,0,3,278,88.6,3,16
Barrow,80,Modou,Barrow,17,50,0,0.0,0,0.0,0,0,0,0,0,0,0,0,0,0,0,0,0,0.0,3,16
Narsingh,80,Luciano,Narsingh,11,47,1,0.0,26,1.9,497,1,0,1,11,0,0,0,0,0,0,3,75,33.4,3,16
Mesa,80,Roque,Mesa,51,42,0,0.5,18,1.6,753,0,0,2,16,0,0,0,3,0,0,0,125,20.9,3,16
Llorente,6,Fernando,Llorente,18,74,0,0.2,19,1.5,213,1,0,1,1,0,0,0,1,0,0,2,59,19.6,4,17
McBurnie,80,Oliver,McBurnie,62,45,0,3.5,16,1.5,267,0,1,0,5,0,0,0,0,0,0,0,45,17.4,4,16
Ayew,80,Jordan,Ayew,18,51,0,6.9,70,3.0,1775,4,2,5,31,0,0,0,1,0,0,7,235,104.0,4,16
Abraham,80,Tammy,Abraham,10,55,1,4.9,64,3.2,1390,4,2,4,25,0,0,0,0,0,0,8,184,83.4,4,16
Lloris,6,Hugo,Lloris,1,55,0,8.9,83,3.8,1980,0,0,9,21,0,0,0,0,0,46,2,405,39.0,1,17
Vorm,6,Michel,Vorm,13,48,0,0.1,0,0.0,0,0,0,0,0,0,0,0,0,0,0,0,0,0.0,1,17
Alderweireld,6,Toby,Alderweireld,4,58,0,4.8,38,3.8,900,0,0,5,7,0,0,0,3,0,0,3,200,27.7,2,17
Rose,6,Danny,Rose,3,64,0,0.3,14,2.8,448,0,0,2,7,0,0,0,1,0,0,0,91,24.6,2,17
Walker,43,Kyle,Walker,2,66,2,12.9,90,4.3,1843,0,5,10,16,1,0,0,2,1,0,5,464,70.9,2,11
Vertonghen,6,Jan,Vertonghen,5,60,0,9.6,82,3.6,2039,0,1,10,21,0,0,0,4,0,0,5,482,78.2,2,17
Davies,6,Ben,Davies,33,55,3,13.8,85,4.7,1333,2,4,6,12,0,0,0,1,0,0,7,369,101.2,2,17
Trippier,6,Kieran,Trippier,2,53,3,4.2,67,4.8,1173,0,4,5,14,0,0,0,0,0,0,12,336,75.8,2,17
Wimmer,110,Kevin,Wimmer,5,42,0,0.4,19,1.1,1321,0,0,1,32,0,0,0,5,0,0,1,196,36.5,2,15
Dier,6,Eric,Dier,15,47,0,2.5,55,2.4,1924,0,1,10,19,0,0,0,3,0,0,0,320,80.5,3,17
Dembélé,6,Mousa,Dembélé,19,49,0,1.4,28,1.8,958,0,0,2,14,0,0,0,2,0,0,3,188,36.3,3,17
Lamela,6,Erik,Lamela,11,63,0,0.1,18,1.8,251,0,2,2,4,0,0,0,2,0,0,0,64,29.3,3,17
Eriksen,6,Christian,Eriksen,23,93,2,17.7,124,5.4,1958,6,7,11,19,0,0,0,0,0,0,16,487,208.4,3,17
Alli,6,Bamidele,Alli,20,90,2,14.7,108,4.9,1834,5,9,9,19,0,0,0,3,0,0,7,337,168.6,3,17
Wanyama,6,Victor,Wanyama,12,48,0,0.3,6,1.2,161,0,0,0,2,0,0,0,0,0,0,0,26,11.1,3,17
Son,6,Heung-Min,Son,7,82,5,14.3,112,5.1,1383,8,5,9,9,0,0,0,0,0,0,10,355,158.0,3,17
Winks,6,Harry,Winks,29,48,0,0.2,31,1.9,768,0,1,4,9,0,0,0,0,0,0,0,167,33.1,3,17
Nkoudou,90,Georges-Kévin,Nkoudou,7,54,0,0.0,2,1.0,28,0,0,0,0,0,0,0,0,0,0,0,6,1.7,3,4
Sissoko,6,Moussa,Sissoko,17,54,0,0.4,43,2.0,1005,1,1,6,12,0,0,0,2,0,0,0,178,65.1,3,17
Kane,6,Harry,Kane,10,130,7,47.6,147,6.7,1861,20,1,9,20,0,0,0,4,0,0,25,531,278.8,4,17
Janssen,6,Vincent,Janssen,9,74,0,0.1,1,1.0,1,0,0,0,0,0,0,0,0,0,0,0,2,0.0,4,17
Pantilimon,57,Costel,Pantilimon,30,45,0,0.1,0,0.0,0,0,0,0,0,0,0,0,0,0,0,0,0,0.0,1,18
Gomes,57,Heurelho,Gomes,1,45,0,2.1,62,2.7,2038,0,0,5,39,0,0,0,0,0,61,4,386,45.1,1,18
Kaboul,57,Younes,Kaboul,4,43,0,0.1,7,3.5,151,0,0,1,3,0,0,0,0,0,0,0,35,5.0,2,18
Cathcart,57,Craig,Cathcart,15,44,0,0.0,1,1.0,19,0,0,0,0,0,0,0,0,0,0,0,4,0.3,2,18
Prödl,57,Sebastian,Prödl,5,43,0,0.2,17,1.7,664,0,0,2,13,0,0,0,2,0,0,0,121,17.0,2,18
Holebas,57,José,Holebas,25,49,0,0.4,35,2.3,1211,0,3,2,28,0,0,0,3,0,0,3,214,69.7,2,18
Britos,57,Miguel,Britos,3,43,0,0.6,20,2.2,704,1,0,2,12,0,0,0,3,1,0,0,129,24.4,2,18
Kabasele,57,Christian,Kabasele,27,46,1,1.8,52,2.4,1859,2,0,4,38,1,0,0,3,0,0,1,327,68.8,2,18
Janmaat,57,Daryl,Janmaat,2,48,1,0.3,28,2.5,855,2,1,0,22,0,0,0,1,0,0,3,165,46.4,2,18
Mariappa,57,Adrian,Mariappa,6,41,0,4.7,22,1.6,1029,0,0,2,24,0,0,0,2,0,0,0,148,25.8,2,18
Mason,57,Brandon,Mason,32,39,0,1.7,0,0.0,0,0,0,0,0,0,0,0,0,0,0,0,0,0.0,2,18
Kiko Femenía,57,Francisco,Femenía Far,21,44,1,1.7,51,3.4,1214,0,1,5,22,0,0,0,2,0,0,9,298,50.7,2,18
Cleverley,57,Tom,Cleverley,8,50,1,0.6,55,2.5,1829,1,2,5,33,0,0,1,1,1,0,3,290,90.1,3,18
Capoue,57,Etienne,Capoue,29,49,0,1.2,20,2.0,367,1,1,0,10,0,0,0,1,0,0,0,89,24.0,3,18
Amrabat,57,Nordin,Amrabat,7,50,0,0.0,6,2.0,198,0,0,1,3,0,0,0,0,0,0,0,11,8.0,3,18
Success,57,Isaac,Success,10,53,0,0.0,0,0.0,0,0,0,0,0,0,0,0,0,0,0,0,0,0.0,3,18
Doucouré,57,Abdoulaye,Doucouré,16,53,1,12.6,95,4.3,1980,7,1,5,41,0,0,0,6,0,0,14,446,122.9,3,18
Pereyra,57,Roberto,Pereyra,37,58,0,0.1,29,1.6,704,1,1,0,17,0,0,0,2,0,0,0,117,43.2,3,18
Hughes,57,Will,Hughes,19,46,1,0.2,26,5.2,323,2,1,2,6,0,0,0,0,0,0,3,89,30.3,3,18
Deeney,57,Troy,Deeney,9,63,0,0.4,31,2.2,673,2,2,1,14,0,0,0,1,1,0,1,109,49.5,4,18
Okaka,57,Stefano,Okaka,33,53,0,0.3,14,2.0,222,1,0,1,4,0,0,0,0,0,0,1,43,15.5,4,18
Zárate,57,Mauro,Zárate,20,54,0,0.0,0,0.0,0,0,0,0,0,0,0,0,0,0,0,0,0,0.0,4,18
Myhill,35,Boaz,Myhill,13,40,0,3.7,1,1.0,90,0,0,0,1,0,0,0,1,0,2,0,7,1.2,1,19
Foster,35,Ben,Foster,1,44,0,9.5,76,3.5,1980,0,0,7,29,0,0,0,2,0,52,6,371,38.6,1,19
Nyom,35,Allan-Roméo,Nyom,2,48,0,1.2,47,2.6,1330,0,1,4,21,0,0,0,4,0,0,6,249,49.3,2,19
Evans,35,Jonny,Evans,6,49,1,1.3,61,3.0,1734,2,1,5,28,1,0,0,5,0,0,4,345,68.9,2,19
Dawson,35,Craig,Dawson,25,48,1,1.1,48,3.7,1160,1,0,5,13,0,0,0,3,0,0,3,211,52.2,2,19
McAuley,35,Gareth,McAuley,23,46,0,0.4,5,0.8,264,0,0,0,9,0,0,0,0,0,0,0,50,6.1,2,19
Livermore,35,Jake,Livermore,8,48,0,0.1,48,2.2,1743,0,1,5,27,0,0,0,2,0,0,0,218,51.8,3,19
Chadli,35,Nacer,Chadli,22,56,1,0.2,13,4.3,174,1,0,1,2,0,0,0,1,0,0,3,30,10.1,3,19
Morrison,35,James,Morrison,7,54,0,0.0,13,3.3,205,1,0,2,1,0,0,0,0,0,0,0,35,14.5,3,19
Yacob,35,Claudio,Yacob,5,43,0,0.3,14,1.4,556,0,0,3,7,0,0,0,4,0,0,0,70,17.5,3,19
McClean,35,James,McClean,14,48,0,0.1,28,1.5,697,1,0,3,11,1,0,0,3,0,0,1,85,49.1,3,19
Leko,35,Jonathan,Leko,45,45,0,0.0,0,0.0,0,0,0,0,0,0,0,0,0,0,0,0,0,0.0,3,19
Phillips,35,Matt,Phillips,10,55,0,0.4,48,3.0,1049,1,3,7,12,0,0,0,0,0,0,0,165,63.4,3,19
Field,35,Sam,Field,28,45,0,0.2,19,3.3,438,1,0,4,2,0,0,0,3,0,0,2,59,20.9,3,19
Brunt,35,Chris,Brunt,11,51,0,0.5,38,3.2,780,0,3,6,5,0,0,0,2,0,0,4,183,61.1,3,19
Rondón,35,Salomón,Rondón,9,60,0,0.6,47,2.2,1470,3,1,3,24,0,0,0,3,0,0,0,116,76.0,4,19
Robson-Kanu,35,Hal,Robson-Kanu,4,49,0,0.5,27,1.7,784,2,0,4,11,0,0,0,2,1,0,1,69,46.4,4,19
Rodriguez,35,Jay,Rodriguez,19,55,0,0.8,56,2.5,1685,3,1,7,22,0,0,0,2,0,0,2,152,106.3,4,19
Adrián,21,Adrián,San Miguel del Castillo,13,44,0,3.5,33,3.7,810,0,0,3,11,0,0,0,2,0,29,1,166,19.1,1,20
Randolph,21,Darren,Randolph,1,45,0,0.0,0,0.0,0,0,0,0,0,0,0,0,0,0,0,0,0,0.0,1,20
Fonte,21,Jose,Fonte,4,47,0,0.9,34,4.3,688,0,2,3,11,0,0,0,0,0,0,3,156,33.4,2,20
Collins,21,James,Collins,19,43,0,0.2,22,3.7,507,1,0,2,7,0,0,0,1,0,0,0,109,27.3,2,20
Reid,21,Winston,Reid,2,48,0,0.7,41,2.6,1426,0,0,5,26,0,0,0,5,0,0,3,263,43.1,2,20
Cresswell,21,Aaron,Cresswell,3,51,0,3.8,69,3.3,1749,0,4,6,33,0,0,0,3,0,0,8,350,81.8,2,20
Ogbonna,21,Angelo,Ogbonna,21,45,1,6.2,42,2.3,1620,1,0,3,37,0,0,0,2,0,0,4,295,57.4,2,20
Byram,21,Sam,Byram,22,42,0,0.1,0,0.0,0,0,0,0,0,0,0,0,0,0,0,0,0,0.0,2,20
Masuaku,21,Arthur,Masuaku,26,45,0,2.3,38,2.1,1233,0,2,3,23,0,0,0,4,0,0,1,241,55.1,2,20
Zabaleta,21,Pablo,Zabaleta,5,49,0,2.3,55,2.5,1939,0,0,6,35,0,0,0,7,0,0,6,345,64.8,2,20
Snodgrass,21,Robert,Snodgrass,11,58,0,0.5,0,0.0,0,0,0,0,0,0,0,0,0,0,0,0,0,0.0,3,20
Ayew,21,André,Ayew,20,68,0,1.0,47,2.6,886,3,2,1,25,0,0,1,2,0,0,2,161,47.9,3,20
Noble,21,Mark,Noble,16,53,0,0.1,37,2.6,1050,2,0,3,18,0,0,0,3,0,0,1,212,46.0,3,20
Kouyaté,21,Cheikhou,Kouyaté,8,50,0,0.4,49,2.7,1456,2,1,3,29,0,0,0,2,0,0,2,210,58.5,3,20
Obiang,21,Pedro,Obiang,14,44,1,1.5,51,2.7,1468,2,0,5,28,0,0,0,3,0,0,6,256,56.7,3,20
Lanzini,21,Manuel,Lanzini,10,68,2,2.6,71,4.2,1386,3,6,3,26,0,0,1,3,0,0,8,334,111.6,3,20
Antonio,21,Michail,Antonio,30,74,0,0.2,40,2.7,1061,1,1,6,16,0,0,0,1,0,0,1,94,61.7,3,20
Feghouli,21,Sofiane,Feghouli,7,55,0,0.0,0,0.0,0,0,0,0,0,0,0,0,0,0,0,0,0,0.0,3,20
Fernandes,21,Edimilson,Fernandes,31,44,0,0.2,9,1.3,412,0,0,0,13,0,0,0,1,0,0,0,44,10.6,3,20
Carroll,21,Andy,Carroll,9,58,1,0.8,25,2.1,695,2,1,3,12,0,0,0,5,1,0,3,71,49.8,4,20
Sakho,21,Diafra,Sakho,15,55,0,0.2,24,1.7,294,2,1,0,11,0,0,0,2,0,0,1,65,21.2,4,20
Fletcher,21,Ashley,Fletcher,24,45,0,0.3,0,0.0,0,0,0,0,0,0,0,0,0,0,0,0,0,0.0,4,20
Suttner,36,Markus,Suttner,29,43,1,0.5,37,3.1,1080,0,0,4,14,0,0,0,0,0,0,3,193,28.5,2,3
Malone,38,Scott,Malone,3,43,1,0.2,28,2.0,785,0,1,2,18,0,0,0,3,0,0,4,162,30.6,2,8
Bakayoko,8,Tiemoué,Bakayoko,14,50,1,2.2,64,3.0,1550,2,2,8,12,0,0,0,2,0,0,5,282,92.2,3,5
Martina,11,Cuco,Martina,15,44,0,1.9,40,2.7,1290,0,0,5,19,0,0,0,2,0,0,0,262,52.5,2,7
Haidara,4,Massadio,Haidara,25,39,0,1.6,0,0.0,0,0,0,0,0,0,0,0,0,0,0,0,0,0.0,2,13
de Jong,4,Siem,de Jong,15,49,0,0.0,0,0.0,0,0,0,0,0,0,0,0,0,0,0,0,0,0.0,3,13
Aarons,4,Rolando,Aarons,16,43,0,0.2,5,1.3,136,0,0,0,2,0,0,0,0,0,0,0,19,4.6,3,13
Hegazi,35,Ahmed El-Sayed,Hegazi,26,46,1,19.6,73,3.2,2036,1,0,7,29,0,0,0,3,0,0,7,395,78.2,2,19
Pope,90,Nick,Pope,29,48,2,8.2,95,4.8,1764,0,0,9,16,0,0,0,2,0,65,12,426,46.8,1,4
Christensen,8,Andreas,Christensen,27,56,0,4.3,60,3.5,1280,0,0,7,10,0,0,0,0,0,0,3,316,39.0,2,5
Musonda,8,Charly,Musonda,17,48,0,0.0,2,1.0,26,0,0,0,0,0,0,0,0,0,0,0,-2,1.6,3,5
Morata,8,Álvaro,Morata,9,104,2,15.0,97,4.8,1514,10,4,11,8,0,0,0,5,0,0,13,300,174.5,4,5
Jakupovic,13,Eldin,Jakupovic,17,42,0,0.1,0,0.0,0,0,0,0,0,0,0,0,0,0,0,0,0,0.0,1,9
James,13,Matty,James,22,44,0,0.2,14,2.0,519,0,0,3,6,0,0,0,2,0,0,0,66,12.8,3,9
Robertson,14,Andrew,Robertson,26,47,1,2.6,39,3.9,884,0,1,4,10,0,0,0,1,0,0,3,193,42.3,2,10
Pereira,1,Andreas,Pereira,15,49,0,0.0,0,0.0,0,0,0,0,0,0,0,0,0,0,0,0,0,0.0,3,12
Manquillo,4,Javier,Manquillo,19,44,0,1.0,43,2.4,1620,0,0,4,26,0,0,0,2,0,0,1,224,40.3,2,13
Murphy,4,Jacob,Murphy,7,50,0,0.1,28,1.8,730,0,1,1,17,0,0,0,0,0,0,0,92,31.6,3,13
Hart,21,Joe,Hart,25,43,1,5.6,45,3.2,1260,0,1,3,30,0,1,0,0,0,39,3,261,30.2,1,20
Chambers,3,Calum,Chambers,21,47,0,0.2,5,1.3,340,0,0,0,6,0,0,0,1,0,0,0,56,14.0,2,1
Brown,36,Isaiah,Brown,37,52,0,0.0,16,1.2,302,0,0,0,8,0,0,0,0,0,0,0,60,14.5,3,3
Riedewald,31,Jairo,Riedewald,44,47,0,0.1,17,2.4,309,0,0,2,4,0,0,0,0,0,0,0,77,6.5,2,6
Danilo,43,Danilo Luiz,da Silva,3,50,0,2.6,54,4.2,740,1,1,6,6,0,0,0,1,0,0,3,228,40.0,2,11
Mendy,43,Benjamin,Mendy,22,63,0,0.3,17,4.3,298,0,1,2,1,0,0,0,2,0,0,1,84,19.7,2,11
Bartley,80,Kyle,Bartley,27,43,0,0.0,4,1.3,165,0,0,0,2,0,0,0,1,0,0,0,24,8.1,2,16
Watson,57,Ben,Watson,23,43,0,0.2,10,1.4,365,0,0,0,10,0,0,0,1,0,0,0,49,8.1,3,18
Chicharito,21,Javier,Hernández Balcázar,17,67,2,6.8,51,3.0,1040,4,1,5,22,0,0,0,3,0,0,6,155,71.8,4,20
Joselu,4,Jose Luis,Mato Sanmartín,21,55,0,0.7,59,3.0,1384,4,1,5,21,0,0,0,2,0,0,5,194,94.0,4,13
Nelson,3,Reiss,Nelson,61,48,0,0.0,0,0.0,0,0,0,0,0,0,0,0,0,0,0,0,0,0.0,3,1
Pröpper,36,Davy,Pröpper,24,53,0,0.1,59,2.6,2055,0,2,8,29,0,0,0,2,0,0,1,304,69.5,3,3
Lokilo,31,Jason,Lokilo,28,43,0,0.1,0,0.0,0,0,0,0,0,0,0,0,0,0,0,0,0,0.0,3,6
Foden,43,Phil,Foden,47,47,0,0.0,1,1.0,7,0,0,0,1,0,0,0,0,0,0,0,1,0.1,3,11
Diaz,43,Brahim,Diaz,55,47,0,0.0,0,0.0,0,0,0,0,0,0,0,0,0,0,0,0,0,0.0,3,11
Mbemba,4,Chancel,Mbemba,18,39,1,12.4,20,2.2,670,0,0,1,11,0,0,0,0,0,0,3,133,23.2,2,13
Merino,4,Mikel,Merino,23,50,0,0.1,41,2.3,1145,1,1,3,15,0,0,0,4,0,0,4,237,66.4,3,13
Hayden,4,Isaac,Hayden,14,44,0,0.2,32,1.8,1182,1,0,3,19,0,0,0,7,0,0,0,138,52.3,3,13
Choupo-Moting,110,Eric Maxim,Choupo-Moting,10,54,2,3.3,82,3.7,1675,4,4,2,39,0,0,0,2,0,0,9,246,133.1,3,15
Walker-Peters,6,Kyle,Walker-Peters,37,41,0,0.8,7,3.5,98,0,0,1,0,0,0,0,0,0,0,0,33,4.4,2,17
Sinclair,57,Jerome,Sinclair,17,49,0,0.2,3,1.0,28,0,0,0,0,0,0,0,0,0,0,0,8,0.5,4,18
Lemina,20,Mario,Lemina,18,48,0,0.1,30,1.9,1040,0,0,3,19,0,0,0,1,0,0,0,202,39.5,3,14
Richarlison,57,Richarlison,de Andrade,11,64,2,14.4,101,4.4,1982,5,8,6,39,0,0,0,3,0,0,4,247,167.6,3,18
Mangala,43,Eliaquim,Mangala,15,50,0,0.2,21,2.3,483,0,0,2,2,0,0,0,0,0,0,0,104,13.1,2,11
Tomori,8,Fikayo,Tomori,31,45,0,0.0,0,0.0,0,0,0,0,0,0,0,0,0,0,0,0,0,0.0,2,5
Scott,8,Kyle,Scott,36,43,0,0.1,0,0.0,0,0,0,0,0,0,0,0,0,0,0,0,0,0.0,3,5
Ladapo,31,Olayinka Fredrick Oladotun,Ladapo,19,45,0,1.6,1,1.0,16,0,0,0,1,0,0,0,0,0,0,0,3,0.2,4,6
Taylor,20,Stuart,Taylor,28,40,0,0.4,0,0.0,0,0,0,0,0,0,0,0,0,0,0,0,0,0.0,1,14
Harper,35,Rekeem,Harper,34,45,0,0.0,1,1.0,20,0,0,0,0,0,0,0,0,0,0,0,6,2.7,3,19
Wilson,35,Kane,Wilson,49,40,0,0.2,0,0.0,0,0,0,0,0,0,0,0,0,0,0,0,0,0.0,2,19
Boga,8,Jeremie,Boga,38,60,0,0.0,1,1.0,17,0,0,0,0,0,0,0,0,0,0,0,1,0.0,3,5
Rice,21,Declan,Rice,41,44,0,0.1,11,0.9,442,0,0,0,11,0,0,0,1,0,0,0,74,11.1,2,20
Carter-Vickers,6,Cameron,Carter-Vickers,38,45,0,0.0,0,0.0,0,0,0,0,0,0,0,0,0,0,0,0,0,0.0,2,17
Jesé,110,Jesé,Rodríguez Ruiz,11,54,1,2.0,26,2.9,482,1,1,1,14,0,0,0,0,0,0,2,77,34.7,3,15
Martins Indi,110,Bruno,Martins Indi,15,49,0,0.0,6,0.7,578,0,0,0,18,0,0,0,1,0,0,0,90,16.7,2,15
Flanagan,14,Jon,Flanagan,38,44,0,0.0,0,0.0,0,0,0,0,0,0,0,0,0,0,0,0,0,0.0,2,10
Kaikai,31,Sullay,Kaikai,25,43,0,0.1,1,1.0,13,0,0,0,0,0,0,0,0,0,0,0,5,0.6,3,6
Saivet,4,Henri,Saivet,24,44,0,0.0,8,8.0,83,1,0,0,2,0,0,0,0,0,0,1,27,5.8,3,13
Izquierdo,36,José Heriberto,Izquierdo Mena,19,59,0,0.1,46,2.6,834,2,2,3,14,0,0,0,1,0,0,1,136,50.8,3,3
Wood,90,Chris,Wood,11,63,0,0.7,49,3.3,1021,4,0,7,6,0,0,0,1,0,0,8,126,61.9,4,4
Clucas,80,Sam,Clucas,17,47,0,0.0,33,2.1,1038,1,0,2,17,0,0,0,1,0,0,0,163,28.7,3,16
Sánchez,6,Davinson,Sánchez,6,60,0,0.5,52,3.1,1370,0,0,7,12,0,0,0,1,1,0,1,304,42.3,2,17
Hadergjonaj,38,Florent,Hadergjonaj,33,45,0,0.0,18,2.0,510,0,1,1,12,0,0,0,1,0,0,2,112,21.9,2,8
Sabiri,38,Abdelhamid,Sabiri,11,48,0,0.0,9,2.3,187,0,1,1,4,0,0,0,1,0,0,0,26,12.2,3,8
Ibrahimovic,1,Zlatan,Ibrahimovic,10,96,0,0.2,5,1.0,102,0,0,0,2,0,0,0,0,0,0,0,18,12.6,4,12
Burke,35,Oliver,Burke,17,50,0,0.0,12,1.5,159,0,1,0,6,0,0,0,0,0,0,0,35,12.0,3,19
Hoedt,20,Wesley,Hoedt,6,50,0,0.1,30,2.3,1170,0,1,2,20,0,0,0,3,0,0,2,244,46.2,2,14
Haksabanovic,21,Sead,Haksabanovic,23,50,0,0.0,0,0.0,0,0,0,0,0,0,0,0,0,0,0,0,0,0.0,3,20
Carrillo,57,André,Carrillo,28,55,0,0.1,55,2.6,1332,1,3,3,29,0,0,0,1,0,0,4,241,76.5,3,18
Anderson,31,Keshi,Anderson,31,45,0,0.4,0,0.0,0,0,0,0,0,0,0,0,0,0,0,0,0,0.0,4,6
Woodman,4,Freddie,Woodman,41,40,0,0.2,0,0.0,0,0,0,0,0,0,0,0,0,0,0,0,0,0.0,1,13
Ward,14,Danny,Ward,52,44,0,0.0,0,0.0,0,0,0,0,0,0,0,0,0,0,0,0,0,0.0,1,10
Oakley-Boothe,6,Tashan,Oakley-Boothe,46,45,0,0.0,0,0.0,0,0,0,0,0,0,0,0,0,0,0,0,0,0.0,3,17
Aurier,6,Serge,Aurier,24,59,2,0.8,46,4.2,906,1,1,4,9,0,0,0,0,1,0,6,196,48.3,2,17
Krychowiak,35,Grzegorz,Krychowiak,20,48,0,0.2,37,2.3,1097,0,2,3,21,0,0,0,2,0,0,3,180,37.9,3,19
Foyth,6,Juan,Foyth,21,45,0,0.0,0,0.0,0,0,0,0,0,0,0,0,0,0,0,0,0,0.0,2,17
Sanches,80,Renato,Sanches,35,44,0,0.3,20,1.7,699,0,0,2,10,0,0,0,1,0,0,0,83,27.0,3,16
Karnezis,57,Orestis,Karnezis,30,45,0,0.0,0,0.0,31,0,0,0,3,0,0,0,0,0,0,0,4,0.1,1,18
Zeegelaar,57,Marvin,Zeegelaar,22,44,1,0.6,24,2.7,758,0,2,2,14,0,0,0,4,1,0,5,144,26.6,2,18
Schelotto,36,Ezequiel,Schelotto,21,44,0,0.0,7,0.9,344,0,0,0,9,0,0,0,0,0,0,0,58,13.2,2,3
Vlasic,11,Nikola,Vlasic,27,54,0,0.0,12,1.5,393,0,0,0,10,0,0,0,0,0,0,0,58,23.4,3,7
Krul,36,Tim,Krul,26,40,0,0.9,0,0.0,0,0,0,0,0,0,0,0,0,0,0,0,0,0.0,1,3
Dragovic,13,Aleksandar,Dragovic,16,49,0,0.0,12,4.0,224,0,0,2,2,0,0,0,1,0,0,0,52,7.8,2,9
Bony,80,Wilfried,Bony,2,57,0,0.2,30,2.5,669,2,1,2,8,0,0,0,2,0,0,3,94,38.6,4,16
Zappacosta,8,Davide,Zappacosta,21,59,0,0.3,44,3.4,618,1,1,4,5,0,0,0,0,0,0,1,161,49.6,2,5
Lumeka,31,Levi,Lumeka,32,44,0,0.0,1,1.0,25,0,0,0,0,0,0,0,0,0,0,0,3,2.3,3,6
Legzdins,90,Adam,Legzdins,30,40,0,0.1,0,0.0,0,0,0,0,0,0,0,0,0,0,0,0,0,0.0,1,4
Maitland-Niles,3,Ainsley,Maitland-Niles,30,45,0,0.1,15,1.9,507,0,0,2,9,0,0,0,0,0,0,0,81,19.7,3,1
Green,38,Robert,Green,28,40,0,0.2,0,0.0,0,0,0,0,0,0,0,0,0,0,0,0,0,0.0,1,8
Niasse,11,Oumar,Niasse,19,47,2,4.2,47,4.3,567,5,2,0,12,0,0,0,2,0,0,8,146,62.7,4,7
Ramsdale,91,Aaron,Ramsdale,12,40,0,0.2,0,0.0,0,0,0,0,0,0,0,0,0,0,0,0,0,0.0,1,2
Souttar,110,Harry,Souttar,36,40,0,0.1,0,0.0,0,0,0,0,0,0,0,0,0,0,0,0,0,0.0,2,15
Zinchenko,43,Oleksandr,Zinchenko,35,50,0,0.0,1,1.0,17,0,0,0,0,0,0,0,0,0,0,0,15,2.5,3,11
Mutch,31,Jordon,Mutch,22,45,0,0.0,0,0.0,0,0,0,0,0,0,0,0,0,0,0,0,0,0.0,3,6
Molumby,36,Jayson,Molumby,49,45,0,0.0,0,0.0,0,0,0,0,0,0,0,0,0,0,0,0,0,0.0,3,3
Lindegaard,90,Anders,Lindegaard,22,40,0,0.2,0,0.0,0,0,0,0,0,0,0,0,0,0,0,0,0,0.0,1,4
Henry,31,Dion,Henry,30,40,0,0.1,0,0.0,0,0,0,0,0,0,0,0,0,0,0,0,0,0.0,1,6
Edwards,110,Thomas,Edwards,42,40,0,0.4,6,1.0,481,0,0,0,15,0,0,0,0,0,0,0,81,12.7,2,15
Palmer,35,Alex,Palmer,40,40,0,0.2,0,0.0,0,0,0,0,0,0,0,0,0,0,0,0,0,0.0,1,19
Ampadu,8,Ethan,Ampadu,44,45,0,0.0,1,1.0,10,0,0,0,1,0,0,0,0,0,0,0,6,0.7,3,5
Macey,3,Matt,Macey,54,50,0,0.0,0,0.0,0,0,0,0,0,0,0,0,0,0,0,0,0,0.0,1,1
Nketiah,3,Edward,Nketiah,62,50,0,0.0,0,0.0,0,0,0,0,0,0,0,0,0,0,0,0,0,0.0,4,1
Rodon,80,Joe,Rodon,61,40,0,0.1,0,0.0,0,0,0,0,0,0,0,0,0,0,0,0,0,0.0,2,16
Ngoy,110,Julien,Ngoy,28,45,0,0.6,1,1.0,19,0,0,0,2,0,0,0,0,0,0,0,4,0.3,4,15
Baningime,11,Beni,Baningime,54,45,0,0.0,5,1.0,145,0,0,0,1,0,0,0,0,0,0,0,17,0.6,3,7
Debuchy,3,Mathieu,Debuchy,2,45,0,0.0,0,0.0,0,0,0,0,0,0,0,0,0,0,0,0,0,0.0,2,1
Gazzaniga,6,Paulo,Gazzaniga,22,42,0,0.1,9,9.0,90,0,0,1,0,0,0,0,0,0,3,2,26,2.7,1,17
Whiteman,6,Alfie,Whiteman,41,40,0,0.1,0,0.0,0,0,0,0,0,0,0,0,0,0,0,0,0,0.0,1,17
Martínez,21,Antonio,Martinez Lopez,29,50,0,0.1,0,0.0,0,0,0,0,0,0,0,0,0,0,0,0,0,0.0,4,20
Quina,21,Domingos,Quina,36,44,0,0.0,0,0.0,0,0,0,0,0,0,0,0,0,0,0,0,0,0.0,3,20
Haugaard,110,Jakob,Haugaard,29,40,0,0.1,0,0.0,0,0,0,0,0,0,0,0,0,0,0,0,0,0.0,1,15
Simpson,91,Jack,Simpson,42,40,0,0.1,1,1.0,71,0,0,0,2,0,0,0,0,0,0,0,10,0.6,2,2
Choudhury,13,Hamza,Choudhury,38,44,0,0.0,1,1.0,7,0,0,0,0,0,0,0,0,0,0,0,2,0.2,3,9
Melbourne,35,Max,Melbourne,53,40,0,0.0,0,0.0,0,0,0,0,0,0,0,0,0,0,0,0,0,0.0,2,19
Johnson,21,Ben,Johnson,53,45,0,0.0,0,0.0,0,0,0,0,0,0,0,0,0,0,0,0,0,0.0,3,20
Trott,21,Nathan,Trott,34,40,0,0.1,0,0.0,0,0,0,0,0,0,0,0,0,0,0,0,0,0.0,1,20
Ulvestad,90,Fredrik,Ulvestad,20,44,0,0.0,0,0.0,0,0,0,0,0,0,0,0,0,0,0,0,0,0.0,3,4
Mulder,80,Erwin,Mulder,25,40,0,0.1,0,0.0,0,0,0,0,0,0,0,0,0,0,0,0,0,0.0,1,16
Tulloch,35,Rayhaan,Tulloch,55,45,0,0.4,0,0.0,0,0,0,0,0,0,0,0,0,0,0,0,0,0.0,4,19
Ferguson,35,Nathan,Ferguson,64,40,0,0.0,0,0.0,0,0,0,0,0,0,0,0,0,0,0,0,0,0.0,2,19
Wan-Bissaka,31,Aaron,Wan-Bissaka,29,45,0,0.0,0,0.0,0,0,0,0,0,0,0,0,0,0,0,0,0,0.0,3,6
Makasi,21,Moses,Makasi,46,45,0,0.0,0,0.0,0,0,0,0,0,0,0,0,0,0,0,0,0,0.0,3,20
Folivi,57,Michael,Folivi,39,45,0,0.2,0,0.0,0,0,0,0,0,0,0,0,0,0,0,0,0,0.0,4,18
Bachmann,57,Daniel,Bachmann,35,40,0,0.1,0,0.0,0,0,0,0,0,0,0,0,0,0,0,0,0,0.0,1,18
Hudson-Odoi,8,Callum,Hudson-Odoi,70,45,0,0.0,0,0.0,0,0,0,0,0,0,0,0,0,0,0,0,0,0.0,3,5
Hyndman,91,Emerson,Hyndman,22,45,0,0.0,0,0.0,0,0,0,0,0,0,0,0,0,0,0,0,0,0.0,3,2
Mahoney,91,Connor,Mahoney,23,45,0,0.0,0,0.0,0,0,0,0,0,0,0,0,0,0,0,0,0,0.0,3,2
Adarabioyo,43,Oluwatosin,Adarabioyo,24,40,0,0.0,0,0.0,0,0,0,0,0,0,0,0,0,0,0,0,0,0.0,2,11
Thomas,13,George,Thomas,30,45,0,0.0,0,0.0,0,0,0,0,0,0,0,0,0,0,0,0,0,0.0,3,9
Butcher,91,Matt,Butcher,36,45,0,0.0,0,0.0,0,0,0,0,0,0,0,0,0,0,0,0,0,0.0,3,2
Silva,13,Adrien Sebastian,Perruchet Silva,14,60,0,0.0,1,1.0,4,0,0,0,0,0,0,0,0,0,0,0,5,0.3,3,9
Ireland,110,Stephen,Ireland,7,45,0,0.0,1,1.0,90,0,0,0,3,0,0,0,1,0,0,0,1,2.7,3,15
Kongolo,38,Terence,Kongolo,5,45,0,0.0,1,1.0,19,0,0,0,0,0,0,0,0,0,0,0,4,0.6,2,8
Tosun,11,Cenk,Tosun,14,75,0,0.6,2,2.0,61,0,0,0,3,0,0,0,0,0,0,0,0,5.1,4,7
Pritchard,38,Alex,Pritchard,21,55,0,0.0,1,1.0,25,0,0,0,0,0,0,0,0,0,0,0,3,1.2,3,8
Mavropanos,3,Konstantinos,Mavropanos,27,45,0,0.0,0,0.0,0,0,0,0,0,0,0,0,0,0,0,0,0,0.0,2,1
Burke,21,Reece,Burke,32,40,0,0.0,0,0.0,0,0,0,0,0,0,0,0,0,0,0,0,0,0.0,2,20
Cullen,21,Josh,Cullen,33,45,0,0.0,0,0.0,0,0,0,0,0,0,0,0,0,0,0,0,0,0.0,3,20
Roberts,80,Connor,Roberts,52,40,0,0.0,1,1.0,25,0,0,0,1,0,0,0,0,0,0,0,3,0.2,2,16
